Station,Address,City,State,Longitude,Latitude
BMW OF DARIEN,138-142 Ledge Rd,Darien,CT,-73.4764687,41.072882
Dunkin’ - Tesla Supercharger,893 E Main St,Meriden,CT,-72.773473,41.527367
Town of Beacon Falls - Commuter Lot,105 N Main St,Beacon Falls,CT,-73.065583,41.445481
OLD SAYBROOK VW,319 Middlesex Turnpike,Old Saybrook,CT,-72.3825,41.3102778
Fairfield Rail Station,80 Mill Plain Rd,Fairfield,CT,-73.264511,41.143125
FOUNDRY66,50 Franklin St,Norwich,CT,-72.0741188,41.525611
Corbins Corner Shopping Center - Tesla Supercharger,1445 New Britain Ave.,West Hartford,CT,-72.759717,41.722672
GLASTONBURYEV,2327-2333 Main St,Glastonbury,CT,-72.6086744,41.711717
Whole Foods Market,150 Ledge Rd,Darien,CT,-73.476189,41.072919
Mystic Marriott Hotel and Spa,625 North Rd,Groton,CT,-72.026147,41.365973
Brass Mill Center - Shoppers World,495 Union St,Waterbury,CT,-73.025659,41.550922
University of Connecticut Health - Center Garage,263 Farmington Ave,Farmington,CT,-72.790618,41.730405
D'Addario Nissan,329 Bridgeport Ave,Shelton,CT,-73.106051,41.299792
CT RAIL,198 N Cherry St,Wallingford,CT,-72.8231924,41.4618954
Hampton Inn & Suites Rocky Hill - Hartford South - Tesla Destination,685 Cromwell Ave,Rocky Hill,CT,-72.679679,41.650999
Goodwives Shopping Center,25 Old Kings Hwy,Darien,CT,-73.466318,41.078282
City of New Haven - Union Station Garage,50 Union Ave,New Haven,CT,-72.926722,41.297487
Easton Public Library,691 Morehouse Rd,Easton,CT,-73.297822,41.251966
The Plaza at Buckland Hills - Tesla Supercharger,1470 Pleasant Valley Road,Manchester,CT,-72.562282,41.80452
Greenlots - 92367,204 Stillman Hill Rd,Colebrook,CT,-73.138786,41.988528
Mystic Diner Restaurant - Tesla Destination,253 Greenmanville  Ave,Mystic,CT,-71.961361,41.373562
Connecticut Airport Authority - Bradley Airport,Cell Phone Lot,Windsor Locks,CT,-72.670609,41.929342
University of Connecticut - Motor Pool,9 Discovery Dr,Storrs,CT,-72.261825,41.811817
Hammonasset Beach State Park - South,1288 Boston Post Rd,Madison,CT,-72.560456,41.263416
Schaller Mitsubishi,25 Veterans Dr,New Britain,CT,-72.770648,41.649365
Mansfield Public Library,54 Warrenville Rd,Mansfield,CT,-72.195701,41.768396
WESTLODGE,811 Burr Mountain Rd,Torrington,CT,-73.1049768,41.8750604
TOWNHALL,100 Bentley Dr,Harwinton,CT,-73.070231,41.7640244
University of Connecticut - Avery Point,1084 Shennecossett Rd,Groton,CT,-72.065994,41.317722
Middletown School District - Lawrence Elementary School,Kaplan Dr,Middletown,CT,-72.6824246,41.5871612
Fairfield Mitsubishi,421 Tunxis Hill Rd,Fairfield,CT,-73.230597,41.176442
Gates Nissan,143 Boston Post Rd,North Windham,CT,-72.188445,41.728247
Water's Edge Resort and Spa - Tesla Destination,1525 Boston Post Rd,Westbrook,CT,-72.43786,41.28006
North Haven PaviIion,100 Universal Dr,North Haven,CT,-72.870574,41.353572
UNION STATION,Union Ave and Union Station,New Haven,CT,-72.9270748,41.2975353
Torrington Town Hall,140 Main St,Torrington,CT,-73.121223,41.803497
Crowley Nissan,1451 Farmington Ave,Bristol,CT,-72.894672,41.699374
Parthenon Diner Restaurant - Tesla Destination,374 E Main St,Branford,CT,-72.781436,41.296212
Town of Mansfield - Community Center,10 S Eagleville Rd,Mansfield,CT,-72.242231,41.800421
Manchester City Nissan,30 Tolland Turnpike,Manchester,CT,-72.507845,41.814316
City of Meriden - City Hall,142 E Main St,Meriden,CT,-72.797226,41.536236
City of New Haven - Sherman Tyler Lot,60 N Frontage Rd,New Haven,CT,-72.948514,41.306474
City of Meriden - Meriden Public Library,105 Miller St,Meriden,CT,-72.796702,41.537218
Blogoslawski Parking Garage,10 Franklin Square,New Britain,CT,-72.7788286,41.6643566
Comfort Inn Guilford - Tesla Destination,300 Boston Post Rd,Guilford,CT,-72.657682,41.287164
Brass Mill Center - Entrance 5,495 Union St,Waterbury,CT,-73.02614,41.549361
Town of Simsbury - Town Hall,933 Hopmeadow St,Simsbury,CT,-72.489406,41.983904
Connecticut Legislative Parking Garage,240 Capitol Ave,Hartford,CT,-72.684758,41.765434
Middletown School District - Moody School,300 Country Club Rd,Middletown,CT,-72.711926,41.563917
Barberino Nissan,505 N Colony St,Wallingford,CT,-72.817586,41.467376
CityPlace Garage,185 Asylum St,Hartford,CT,-72.676489,41.766656
CURRAN VOLKSWAG,2774-2788 CT-113,Stratford,CT,-73.132624,41.198568
"Inn at Stonington, a Select Registry Property - Tesla Destination",60 Water St,Stonington,CT,-71.906918,41.331744
"Westport Town Hall 110 Myrtle Ave Westport, CT 06880",110 Myrtle Avenue,Westport,CT,-73.35947443,41.14521569
STARWOOD,1 Star Point,Stamford,CT,-73.5318605,41.0409048
Popeyes Kitchen - Fairfield Pizza,200 E Main St,Stratford,CT,-73.117486,41.202742
Dunkin' Donuts - Tesla Supercharger,160 Kukas Lane,Waterbury,CT,-73.005613,41.53713
Crest Ford,218 Flanders Rd,Niantic,CT,-72.211435,41.354043
Central Connecticut State University - Sheridan Dorm Lot,65 Wells St,New Britain,CT,-72.762739,41.692973
LIBRARY KIOSK,24 Main St,New Milford,CT,-73.41116,41.5785572
Hotel HiHo - Tesla Destination,4180 Black Rock Tpke,Fairfield,CT,-73.271401,41.203858
Summer Street Garage,100 Summer St,Stamford,CT,-73.541625,41.054155
MUNICIP STATION,3 Primrose St,Newtown,CT,-73.2847962,41.4007757
PURDUE PHARMA,201 Tresser Blvd,Stamford,CT,-73.53779,41.050574
Hartford High School,55 Forest St,Hartford,CT,-72.701271,41.765034
Bloomfield Town Hall,800 Bloomfield Avenue,Bloomfield,CT,-72.7373929,41.8298475
GUNNERY,16 Kirby Rd,Washington,CT,-73.3124,41.628033
University of Connecticut - Storrs Center Garage,33 Royce Cir,Storrs,CT,-72.2442218,41.8041965
JAGLRNH,521 Washington Ave,North Haven,CT,-72.8415278,41.4168397
Town of Stafford - Town Hall,1 Main St,Stafford Springs,CT,-72.303231,41.953668
Charter Oak International Academy,425 Oakwood Ave,West Hartford,CT,-72.722829,41.742975
Town of Newington - Market Square,90 Market Square,Newington,CT,-72.7214,41.6972
Riverfield School,1625 Mill Plain Rd,Fairfield,CT,-73.267585,41.162306
Capital Regional Development Authority (CRDA),105 Columbus Blvd,Hartford,CT,-72.670165,41.763287
The SoNo Collection,100 N Water St,Norwalk,CT,-73.418883,41.104791
City of New Haven - Whalley Blake Parking Lot,919 Whalley Ave,New Haven,CT,-72.960178,41.327848
Riverview Cinemas 8 and Playhouse - Tesla Destination,690 Main St S,Southbury,CT,-73.230644,41.465044
The Ridgefield Playhouse,80 E Ridge Rd,Ridgefield,CT,-73.492605,41.282264
Meriden Station Garage,24 Colony St,Meriden,CT,-72.802667,41.539218
HONDA WESTPORT,1372 Post Rd E,Westport,CT,-73.317072,41.138623
FOXWOODS,350 Trolley Line Blvd,Mashantucket,CT,-71.9600027,41.4733521
TOWN HALL LOT,740 Main St,East Hartford,CT,-72.6446905,41.7660404
FOXWOODS,350 Trolley Line Blvd,Ledyard,CT,-71.9600034,41.4733358
Plainville High School,47 Robert Holcomb Way,Plainville,CT,-72.8580302,41.6659341
Connecticut Welcome Center - Tesla Supercharger,1 West Ave.,Darien,CT,-73.504917,41.067306
Whole Foods Market,350 Grasmere Ave,Fairfield,CT,-73.240315,41.157925
Tamarack Country Club - Tesla Destination,55 Locust Rd,Greenwich,CT,-73.709755,41.094294
Madison Beach Hotel - Tesla Destination,94 W Wharf Rd,Madison,CT,-72.608573,41.27077
Newington Electric,72 Pane Rd,Newington,CT,-72.729203,41.65514
Premier Kia,205 N Main St,Branford,CT,-72.809324,41.289894
The Shoppes at Fox Run 1,25 Welles St # 55,Glastonbury,CT,-72.608292,41.714088
NBCSG,98 Maher Rd,Stamford,CT,-73.516045,41.054321
EDENS BISHOPS,345 N Main St,West Hartford,CT,-72.7479436,41.784487
Propark - Water Street Garage,161 Water St,New London,CT,-72.093784,41.355486
Connecticut Post Mall - Tesla Supercharger,1201 Boston Post Road,Milford,CT,-73.036133,41.238119
Manchester Honda,24 Adams St,Manchester,CT,-72.552974,41.795898
New London Mall - Tesla Supercharger,369 N Frontage Rd,New London,CT,-72.119376,41.370726
Plainville Municipal Center,1 Central Square,Plainville,CT,-72.8670213,41.6717114
The Study at Yale - Tesla Destination,1157 Chapel St,New Haven,CT,-72.932698,41.308741
Connecticut Science Center,250 Columbus Blvd,Hartford,CT,-72.668833,41.764376
Windham High School,355 High St,Windham,CT,-72.214432,41.723169
BIG Y FOODS,401 Bridgeport Ave,Shelton,CT,-73.11066,41.29434
WHOLE FOODS MKT,5 Sugar Hollow Rd,Danbury,CT,-73.475576,41.3777667
I-95 Madison NB Service Plaza - Tesla Supercharger,I-95 North Ave,Madison,CT,-72.58049668,41.29048852
Canton Town Hall,4 Market St,Canton,CT,-72.923177,41.811022
UNION STATION,50 Union Ave,New Haven,CT,-72.9263108,41.2974027
TOD,120 Main St,Durham,CT,-72.6809263,41.472228
Delamar Southport - Tesla Destination,275 Old Post Rd,Fairfield,CT,-73.245943,41.146162
Andrew Ward School,755 Melville Ave,Fairfield,CT,-73.234423,41.185685
Connecticut Department of Energy and Environmental Protection,79 Elm St,Hartford,CT,-72.678633,41.763294
Arapahoe Parking Lot,105 LaSalle Rd,West Hartford,CT,-72.744596,41.759108
Southington Public Library,255 Main St,Southington,CT,-72.877465,41.596225
NBCSG,84 Maher Rd,Stamford,CT,-73.5160406,41.053776
Paul Miller Nissan,930 Kings Hwy E,Fairfield,CT,-73.233711,41.167407
Town of New Fairfield - Town Hall,4 Brush Hill Rd,New Fairfield,CT,-73.487032,41.465514
Chip's Family Restaurant - Tesla Destination,321  Boston Post Rd,Orange,CT,-73.004741,41.2645
George Harte Nissan,426 Derby Ave,West Haven,CT,-72.968506,41.307602
STOP SHOP,148 Heights Rd,Darien,CT,-73.4948097,41.070243
East Shore District Health Department,688 E Main St,Branford,CT,-72.756902,41.305071
Ridgefield BMW,746 Danbury Rd,Ridgefield,CT,-73.472615,41.331117
Big Y,22 Spencer Plain Rd,Old Saybrook,CT,-72.416634,41.286482
Green Farms Plaza,1460 Post Rd E,Westport,CT,-73.314364,41.138478
Bridgeport Hospital,267 Grant St,Bridgeport,CT,-73.166282,41.190701
Town of Stafford - Community Center,3 Buckley Hwy,Stafford Springs,CT,-72.289249,41.956727
Constitution Plaza - South,109 Constitution Plaza,Hartford,CT,-72.670032,41.767185
Coventry Town Hall,1712 Main St,Coventry,CT,-72.312334,41.780058
Curran Volkswagen,2785 Main St,Stratford,CT,-73.131808,41.198467
644 West Putnam,644 West Putnam Avenue,Greenwich,CT,-73.6476069,41.016928
Grove Street Parking Garage,65 Grove Street,New Haven,CT,-72.9217309,41.3103893
Mohegan Sun - Tesla Destination,1 Mohegan Sun Blvd,Uncasville,CT,-72.086688,41.488423
CVS West Haven,355 Campbell Ave,West Haven,CT,-72.948327,41.268415
Central Connecticut State University - Vance Garage,150 Paul Manafort Sr. Dr,New Britain,CT,-72.766414,41.690789
City of New Haven - Crown Street Parking Garage,213 Crown St,New Haven,CT,-72.928864,41.305993
Figaro Restaurant,90 Elm St,Enfield,CT,-72.583384,41.997588
Middletown School District - Board of Education,311 Hunting Hill Ave,Middletown,CT,-72.647076,41.541535
Mansfield Parking Garage,9 Dog Ln,Storrs,CT,-72.243355,41.804877
Brass Mill Center - Entrance 6,495 Union St,Waterbury,CT,-73.026799,41.55022
Ellington Town Hall,55 Main St,Ellington,CT,-72.467484,41.903582
Fairfield Tennis Center,210 Old Dam Rd,Fairfield,CT,-73.2665157,41.1247387
Trinity College,18-60 Crescent St,Hartford,CT,-72.689438,41.745582
Saugatuck Fire Station,Railroad Place,Westport,CT,-73.370496,41.119206
COMCAST,222 New Park Dr,Berlin,CT,-72.749512,41.597163
Kent Town Hall,41 Kent Green Blvd,Kent,CT,-73.47251,41.727419
Dunkin' Donuts,1205 Tolland Tpke,Manchester,CT,-72.555059,41.797073
County Line Nissan - North,522 Winsted Rd,Torrington,CT,-73.1107105,41.8269547
TOWN OF MADISON,761 Boston Post Rd,Madison,CT,-72.595184,41.280284
Rocky Neck State Park,244 W Main St,Niantic,CT,-72.24323,41.300883
ELEMENT STATION,111 Morgan St,Stamford,CT,-73.5370682,41.0631099
Saybrook Point Marina,2 Bridge St,Old Saybrook,CT,-72.351019,41.283487
Town of Groton - Town Hall,45 Fort Hill Rd,Groton,CT,-72.033489,41.345816
Harte Nissan,165 W Service Rd,Hartford,CT,-72.656681,41.791382
Highland Park Market,317 Highland St,Manchester,CT,-72.490259,41.766005
Nissan - Norwich,691 W Thames St,Norwich,CT,-72.097938,41.498591
Wesleyan University,56 Hamlin Ct,MIddletown,CT,-72.65242,41.557262
HAMPTON INN,129 Plains Rd,Milford,CT,-73.076682,41.22269
Aitoro Appliance,401 Westport Ave,Norwalk,CT,-73.390319,41.126373
Putnam Downtown Municipal Parking Lot,165 Kennedy Dr,Putnam,CT,-71.9105762,41.914329
NYALA GAR 3,400 Nyala Farms Rd,Westport,CT,-73.3269248,41.1223426
WHOLE FOODS MKT,5c Sugar Hollow Rd,Danbury,CT,-73.4755929,41.3781241
East Norwalk Library,51 Van Zant St,Norwalk,CT,-73.40565,41.102079
Greenwich Southbound Travel Plaza - Tesla Supercharger,2000 Merritt Parkway,Greenwich,CT,-73.673445,41.040555
Propark America - Omni Hotel Chapel Square Garage,155 Temple St,New Haven,CT,-72.927405,41.305794
Mystic Marriott Hotel and Spa - Tesla Destination,625 North Rd,Groton,CT,-72.025954,41.365919
Connecticut Post Mall - Target,1201 Boston Post Rd,Milford,CT,-73.038159,41.235232
SPIREP,1 N Water St,Norwalk,CT,-73.4165867,41.0999699
Town of Norfolk - Town Clerk,19 Maple Ave,Norfolk,CT,-73.197598,41.990635
Waterford Commons,915 Hartford Turnpike,Waterford,CT,-72.150349,41.380138
Clinton Town Hall,54 E Main St,Clinton,CT,-72.524041,41.276743
Cargill Chevrolet,23 Livery St,Putnam,CT,-71.908102,41.916161
Bedford Street Garage,17 Forest St,Stamford,CT,-73.537286,41.056092
Pomfret Town Hall,5 Haven Rd,Pomfret,CT,-71.998608,41.859648
Delamar Greenwich Harbor - Tesla Destination,500 Steamboat Rd,Greenwich,CT,-73.623525,41.017757
East Hartford Public Schools - Department of Facilities,734 Tolland St,East Hartford,CT,-72.602704,41.784813
Windham Municipal Parking Lot,48 Church St,Willimantic,CT,-72.211716,41.712492
Heritage Hotel - Tesla Destination,522 Heritage Rd,Southbury,CT,-73.225707,41.491538
Tri-Town Teachers Federal Credit Union,61 Jessup Rd,Westport,CT,-73.358893,41.140188
Morgan Street Garage,155 Morgan St,Hartford,CT,-72.672545,41.769974
NBCSG,Unnamed Road,Stamford,CT,-73.5160366,41.0532451
Napoli Nissan,688 Bridgeport Ave,Milford,CT,-73.083686,41.209761
Congregational Church of Somersville,22 Maple St,Somersville,CT,-72.489406,41.983904
I-95 Darien NB Service Plaza - Tesla Supercharger,1 E Trail,Darien,CT,-73.462202,41.079848
Town of Hamden - Spring Glen Municipal Parking Lot,1665 Whitney Ave,Hamden,CT,-72.909054,41.359826
City of Milford - Parsons Government Center,70 W River St,Milford,CT,-73.062364,41.226575
Hoffman Nissan,46 Albany Turnpike,West Simsbury,CT,-72.869319,41.820371
Premier Chevrolet,512 Providence Rd,Brooklyn,CT,-71.906607,41.798222
The Wallingford Victorian Inn - Tesla Destination,245 N Main St,Wallingford,CT,-72.815676,41.45749
HONDADANBURY,102 Federal Rd,Danbury,CT,-73.4232598,41.4158651
Village Center,87 Main St,East Hampton,CT,-72.501947,41.575311
Connecticut Department of Corrections,38 Wolcott Hill Rd,Wethersfield,CT,-72.6724544,41.725002
Stamford Marriott Hotel - Tesla Destination,243 Tresser Blvd,Stamford,CT,-73.535139,41.051614
Woodbridge Town Library,10 Newton Rd,Woodbridge,CT,-73.011407,41.353582
Waterworks - Tesla Destination,60 Backus Ave,Danbury,CT,-73.491965,41.370291
Town of East Haven,250 Main St,East Haven,CT,-72.871663,41.277368
DECORMIER NISS,30 Tolland Turnpike,Manchester,CT,-72.5090873,41.813843
Lia Nissan - Enfield,10 Palomba Dr,Enfield,CT,-72.574713,41.997574
North Canaan Shopping Center - Tesla Supercharger,11 E Main St,North Canaan,CT,-73.322808,42.024351
Lombard Ford,385 New Hartford Rd,Barkhamsted,CT,-73.042576,41.909753
Danbury Fair Mall,7 Backus Ave,Danbury,CT,-73.47904,41.380158
City of Milford - Public Library,57 New Haven Ave,Milford,CT,-73.053647,41.221934
Public Parking Lot,1 Morse Ct,New Canaan,CT,-73.4924,41.1464
Milford Travel Plaza - Tesla Supercharger,I-95 Milford,Milford,CT,-73.009059,41.245823
TS,1 American Ln,Greenwich,CT,-73.7226456,41.0983971
Russell Mercier Senior Center,14 Stonecroft Dr,Hebron,CT,-72.367191,41.65659
Roger Ludlowe School,689 Unquowa Rd,Fairfield,CT,-73.261769,41.148757
Town of Hebron,15 Gilead St,Hebron,CT,-72.366742,41.658572
Southington Municipal Center,200 N Main St,Southington,CT,-72.87939,41.606301
Middletown School District - Middletown High School,200 LaRosa Ln,Middletown,CT,-72.681921,41.576716
Town of Groton - Town Hall Annex,134 Groton Long Point Rd,Groton,CT,-72.009806,41.341893
TOWN HALL,31 Park Street,Guilford,CT,-72.6798002,41.2832367
TRUMBULL MALL,5065 Main Street,Trumbull,CT,-73.2246399,41.2286526
Parthenon Diner of Old Saybrook - Tesla Destination,809 Boston Post Rd,Old Saybrook,CT,-72.38345,41.292172
Western Connecticut State University,43 Lake Ave Extension,Danbury,CT,-73.492801,41.394446
BIG Y FOODS,224 Salem Turnpike,Norwich,CT,-72.12423,41.50579
Ridgeway Shopping Center,2202 Bedford St,Stamford,CT,-73.545939,41.068654
Clark Memorial Library,538 Amity Rd,Bethany,CT,-72.99499,41.427276
City of New Haven - Orchard Sherman Parking Lot,102 N Frontage Rd,New Haven,CT,-72.944576,41.306583
Town of Westport - Westport Metro North,1 Railroad Pl,Westport,CT,-73.369266,41.119291
Greenwich Northbound Travel Plaza - Tesla Supercharger,3000 Merritt Parkway,Greenwich,CT,-73.671661,41.041538
Central Connecticut State University- Welte Garage,39 Ella Grasso Blvd,New Britain,CT,-72.769268,41.692299
Isham Garage,17 Isham Rd,West Hartford,CT,-72.740521,41.760873
GENE LANGAN VW,816 New London Turnpike,Glastonbury,CT,-72.593366,41.704415
I-91 Tech Park,845 Brook St,Rocky Hill,CT,-72.676125,41.641774
Homestead Inn - Tesla Destination,5 Elm St,New Milford,CT,-73.411005,41.580889
Western Connecticut State University,179 White St,Danbury,CT,-73.44475,41.399432
Grace Mayflower Inn and Spa - Tesla Destination,118 Woodbury Rd,"Rte 47, Washington",CT,-73.305987,41.628601
I-95 Madison SB Service Plaza - Tesla Supercharger,I-95 South Bound,Madison,CT,-72.57936232,41.2919023
Bishop's Orchards Farm Market,1355 Boston Post Rd,Guilford,CT,-72.695702,41.290395
Campus at Greenhill,108 Leigus Road,Wallingford,CT,-72.775522,41.478889
Connecticut Department of Motor Vehicles,1365 Highland Ave,Cheshire,CT,-72.8935933,41.5374181
Town of Glastonbury - Town Hall,2155 Main St,Glastonbury,CT,-72.611655,41.706856
Green’s Farms Railroad Station,2 Post Office Ln,Westport,CT,-73.315136,41.122442
Connecticut Insurance Exchange of Southington,1133 Meriden-Waterbury Turnpike,Plantsville,CT,-72.88305,41.564358
HOFFMAN HONDA 1,40 Albany Turnpike,Simsbury,CT,-72.869331,41.818224
CT RAIL,51 Depot Rd,Berlin,CT,-72.7653384,41.6356154
Three Rivers Community College,574 New London Turnpike,Norwich,CT,-72.10451,41.510596
Town of Stafford - Public Works Garage,210 E St,Stafford Springs,CT,-72.290233,41.984164
Woodbridge Town Hall,11 Meetinghouse Ln,Woodbridge,CT,-73.014176,41.354138
Steelpointe Harbor,255 East Main Street,Bridgeport,CT,-73.1812232,41.1781223
COMM LOT STA 1,5 Depot Pl,Bethel,CT,-73.4145557,41.3703626
The Promenade Shops at Evergreen Walk - Tesla Destination,401 Evergreen Wy,South Windsor,CT,-72.556345,41.812203
TOWN OF PUTNAM,1-73 Canal St,Putnam,CT,-71.9098896,41.914513
Maritime Garage,11 North Water Street,Norwalk,CT,-73.418955,41.104278
GE WS - Price Chopper #243 Storrs CT 2,1220  Storrs Rd,Mansfield,CT,-72.241315,41.801976
Stratford Square,411 Barnum Ave Cutoff,Stratford,CT,-73.122342,41.198018
Cumberland Farms,471 New Park Ave,West Hartford,CT,-72.718112,41.741696
City of New Haven - Air Rights Garage,60 York St,New Haven,CT,-72.934141,41.305265
Lime Rock Park - Tesla Destination,60 White Hollow Rd,Lakeville,CT,-73.389367,41.930342
Danbury Fair Mall - Tesla Supercharger,7 Backus Ave,Danbury,CT,-73.477961,41.379441
Western Connecticut State University,198 White St,Danbury,CT,-73.443485,41.398492
Coventry High School,78 Ripley Hill Rd,Coventry,CT,-72.313767,41.782923
Bell Street Garage,28 Bell St,Stamford,CT,-73.540733,41.052215
Groton New London Airport,155 Tower Ave,Groton,CT,-72.044683,41.332527
TEN TEN WASH,1010 Washington Blvd,Stamford,CT,-73.5431681,41.0535888
RSI EAST,1115 West St,Southington,CT,-72.8973437,41.618456
University of Connecticut - School of Law,55 Elizabeth St,Hartford,CT,-72.70705,41.772484
CROWLEY VW,245 New Britain Ave,Plainville,CT,-72.8411522,41.6771741
Homewood Suites,99 Marsh Hill Rd,Orange,CT,-72.998271,41.252117
Asnuntuck Community College,170 Elm St,Enfield,CT,-72.5697849,42.0000268
Fairfield NB - Tesla Supercharger,165 Round Hill Road,Fairfield,CT,-73.257123,41.146214
Connecticut Department of Energy and Environmental Protection - Marine Headquarters,333 Ferry Rd,Old Lyme,CT,-72.345572,41.312148
Precision Motors of Mystic,2400 Gold Star Hwy,Mystic,CT,-71.988657,41.390465
Wesleyan University,161 Cross St,Middletown,CT,-72.662214,41.550883
BMW BRIDGEPORT,43 North Ave,Bridgeport,CT,-73.1897466,41.2020685
Connecticut State Capitol,210 Capitol Ave,Hartford,CT,-72.682868,41.764759
Executive Nissan,900 Universal Dr N,North Haven,CT,-72.870997,41.360892
Propark Harbor Point Gateway Garage - Tesla Destination,406-424 Washington Blvd,Stamford,CT,-73.543258,41.045384
Wallingford Shopping Center,930 N Colony Rd,Wallingford,CT,-72.807124,41.483774
Fairfield Parks and Recreation Center,75 Mill Plain Rd,Fairfield,CT,-73.263962,41.142152
The Westport Library,20 Jesup Road,Westport,CT,-73.3613829,41.1396711
Homestead Inn - Thomas Henkelmann - Tesla Destination,420 Field Point Rd,Greenwich,CT,-73.634045,41.015276
MORSCHES FF,95 Reef Rd,Fairfield,CT,-73.2564712,41.1399023
Panera Bread,1129 Silas Deane Hwy,Wethersfield,CT,-72.656507,41.691611
Hoffman Toyota,36 Albany Turnpike,West Simsbury,CT,-72.867973,41.818345
Ferguson Library - Harry Bennett Branch,115 Vine Rd,Stamford,CT,-73.544039,41.099044
City of Hartford - Department of Public Works,50 Jennings Rd,Hartford,CT,-72.652406,41.785974
Hammonasset Beach State Park - North,1288 Boston Post Rd,Madison,CT,-72.561988,41.26449
Metro Center Garage,1 Station Place,Stamford,CT,-73.5419874,41.0457112
Middletown Nissan,1153 Newfield St,Middletown,CT,-72.676141,41.59054
Wesleyan University,Lawn Ave & High St,Middletown,CT,-72.65395,41.553597
Newington Town Center - Municipal Parking Lot,83 Market Square,Newington,CT,-72.721392,41.696446
Ridgeway Shopping Center - Tesla Supercharger,2233 Summer Street,Stamford,CT,-73.546435,41.068704
Connecticut Post Mall - NW Entrance,1201 Boston Post Rd,Milford,CT,-73.036899,41.23608
Girard Nissan,425 Gold Star Hwy,Groton,CT,-72.054118,41.370989
Milford Travel Plaza - Tesla Supercharger,I-95 Milford,Milford,CT,-73.010522,41.246242
Goodwin University,211 Riverside Dr,East Hartford,CT,-72.640075,41.743194
Greater Hartford Transit District - Spruce Street Lot,1 Union Pl,Hartford,CT,-72.681825,41.769417
Illiano's Restaurant,257 W Town St,Yantic,CT,-72.113144,41.55775
Town of Hamden - Police Department,2900 Dixwell Ave,Hamden,CT,-72.903596,41.384051
Fairfield Senior Center,100 Mona Terrace,Fairfield,CT,-73.26088,41.132277
Butler Street Parking Lot,30 Butler St,Meriden,CT,-72.805988,41.53697
Propark - 777 Main,777 Main St,Hartford,CT,-72.673634,41.766034
JOHN ST CHARGER,234 John St,Bridgeport,CT,-73.1911131,41.1772308
Peck Lane Plaza Shopping Center,550 Boston Post Rd,Orange,CT,-73.017784,41.251801
PRESTIGE VW,42-46 W Broad St,Stamford,CT,-73.5464906,41.0553525
Fairfield Recreation Center,75 Mill Plain Rd,Fairfield,CT,-73.264636,41.142212
Norwalk Community College,188 Richards Ave,Norwalk,CT,-73.452539,41.102848
LAZ Fly Airport Parking,24 Ella Grasso Turnpike,Windsor Locks,CT,-72.672748,41.918347
CT RAIL,60 State St,Meriden,CT,-72.8007814,41.5394301
Killingly Town Hall,172 Main St,Killingly,CT,-71.882323,41.80577
Central Connecticut State University - Welte Hall Parking Lot,105 Ella Grasso Blvd,New Britain,CT,-72.768107,41.693501
The Inn at Woodstock Hill,94 Plaine Hill Rd,Woodstock,CT,-71.97262186,41.94378281
Wilton Public Library,137 Old Ridgefield Rd,Wilton,CT,-73.43124,41.192802
HAJJAR,213 Court St,Middletown,CT,-72.6501809,41.5590961
Goodwin University,403 Main St,East Hartford,CT,-72.639362,41.749499
Stony Creek Brewery - Tesla Destination,5 Indian Neck Ave,Branford,CT,-72.812491,41.274658
Big Y,1021 Main St,Cheshire,CT,-72.907523,41.476271
Connecticut Post Mall - Dave & Buster's,1201 Boston Post Rd,Milford,CT,-73.033472,41.23636
City of Middletown - Mellili Plaza Public Parking,245 DeKoven Dr,Middletown,CT,-72.648056,41.561647
Ford of Branford,301 E Main St,Branford,CT,-72.789844,41.292505
Morton Government Center,239 John St,Bridgeport,CT,-73.191423,41.177007
Town of Groton - Public Library,52 Newtown Rd,Groton,CT,-72.028928,41.347552
Burlington Library,34 Library Ln,Burlington,CT,-72.967327,41.771305
Bruce Bennett Nissan,978 Danbury Rd,Wilton,CT,-73.435546,41.258992
Park 'N Fly - Bradley International Airport,1186 South St,Suffield,CT,-72.663078,41.951328
Van Wilgen's Garden Center,51 Valley Rd,North Branford,CT,-72.766102,41.306955
REYNOLDS SUBARU,272 Hamburg Rd,Lyme,CT,-72.3518219,41.3890729
Tingue Dam Bypass Channel - Wakeley Street Parking Lot,37 Wakeley St,Seymour,CT,-73.075525,41.394315
Mohegan Sun,1 Mohegan Sun Blvd,Uncasville,CT,-72.091456,41.491597
COMCAST,90 Phoenix Ave,Enfield,CT,-72.581611,41.977252
Greenlots - 92143,665 Commerce Dr,Fairfield,CT,-73.23358,41.163146
777 Main Street - Tesla Supercharger,777 Main Street,Hartford,CT,-72.674129,41.766493
BMW RIDGEFIELD,746 Danbury Rd,Ridgefield,CT,-73.4722156,41.3305782
"DoubleTree by Hilton - Norwalk, CT - Tesla Destination",789 Connecticut Ave,Norwalk,CT,-73.453043,41.092037
BIG Y FOODS,140 suit A West Rd,Ellington,CT,-72.46388,41.888958
Wrap N Shine Auto Spa - Tesla Destination,97 Bridgeport Ave #10,Shelton,CT,-73.097982,41.310498
Western Connecticut State University,190 White St,Danbury,CT,-73.442053,41.39936
MINI OF FFD CTY,154 US-1 154 post rd,Darien,CT,-73.4569573,41.089032
Delamar West Hartford - Tesla Destination,1 Memorial Rd,West Hartford,CT,-72.737672,41.760566
Connecticut Department of Motor Vehicles,60 State St,Wethersfield,CT,-72.655754,41.7186625
Mill Plain Diner - Tesla Destination,14 Mill Plain Rd,Danbury,CT,-73.494706,41.38756
Sherman Green,1451 Post Rd,Fairfield,CT,-73.256774,41.140584
Stamford Government Center Garage,888 Washington Blvd,Stamford,CT,-73.542499,41.051637
Z Airport Parking,3 International Dr,East Granby,CT,-72.709138,41.928233
Hyatt Regency Greenwich - Tesla Destination,1800 E Putnam Ave,Greenwich,CT,-73.566753,41.046329
Surface Parking Lot,121 Main St,New Britain,CT,-72.781161,41.666233
Deep River Library,150 Main St,Deep River,CT,-72.436701,41.386805
State House Square,10-90 State House Square,Hartford,CT,-72.671417,41.766822
City of Milford - Train Station Parking,1 Railroad Ave,Milford,CT,-73.060012,41.222682
Hammonasset Beach State Park - Meig's Point Nature Center,1288 Boston Post Rd,Madison,CT,-72.546017,41.251952
Grossman Nissan,295 Middlesex Turnpike,Old Saybrook,CT,-72.383105,41.309276
"Saybrook Point Inn, Spa & Marina - Tesla Destination",2 Bridge St,Old Saybrook,CT,-72.351072,41.28331
Fairfield Train Station Overflow Lot,140 Mill Plain Rd,Fairfield,CT,-73.264399,41.142923
Metro Center 1,One Station Place,Stamford,CT,-73.542177,41.046112
Dinosaur State Park and Arboretum,400 West St,Rockyhill,CT,-72.658514,41.651179
Staples High School,70 North Avenue,Westport,CT,-73.3304754,41.1526176
Windham Town Hall,979 Main St,Windham,CT,-72.217506,41.71292
West Hartford - Town Hall,50 S Main St,West Hartford,CT,-72.741204,41.758754
Connecticut Welcome Center - Tesla Supercharger,1 E Trail,Darien,CT,-73.46135,41.080103
City of New Haven - Temple Street Garage,1 Temple St,New Haven,CT,-72.928369,41.304245
Minor Memorial Library,23 South St,Roxbury,CT,-73.30764,41.55358
Szczesny Parking Garage,31 Bank St,New Britain,CT,-72.78037,41.666879
GE WS - Price Chopper #243 Storrs CT 1,1220  Storrs Rd,Mansfield,CT,-72.241254,41.801997
AAMCO EV,133 Pitkin St,East Hartford,CT,-72.6526688,41.7632299
Winvian Farm - Tesla Destination,155 Alain White Rd,Morris,CT,-73.201059,41.697035
Brass Mill Center - Entrance 3,495 Union St,Waterbury,CT,-73.023973,41.549008
COMM LOT STA 1,13 Durant Ave.,Bethel,CT,-73.4178034,41.3762377
Waterbury-Oxford Airport,300 Christian St,Oxford,CT,-73.146142,41.477151
Shagbark Lumber and Farm Supply,1 Mt Parnassus Millington Rd,East Haddam,CT,-72.442533,41.463278
Metro Green Residential Parking - Tesla Destination,717  Atlantic St,Stamford,CT,-73.540098,41.04514
Hartford Road Henny Penny,969 Hartford Road,Waterford,CT,-72.1591426,41.3874871
FOXWOODS,101 Trolley Line Blvd,Mashantucket,CT,-71.9523342,41.4699817
Convention Center - Hartford,100 Columbus Blvd,Hartford,CT,-72.668973,41.762852
County Line Buick-Nissan,2191 Straits Turnpike,Middlebury,CT,-73.098764,41.568122
MYSTIC AQUARIUM,55 Coogan Blvd,Mystic,CT,-71.954088,41.373074
University of Connecticut - Waterbury,99 E Main St,Waterbury,CT,-73.038135,41.555816
Danbury Parking Authority,21 Delay St,Danbury,CT,-73.451059,41.396042
INFINITYGREEN,201 Commons Park S,Stamford,CT,-73.5405387,41.040838
City of Hartford - City Hall,35 Arch St,Hartford,CT,-72.672842,41.762206
White Hart Inn - Tesla Destination,15 Undermountain Rd,Salisbury,CT,-73.422198,41.98483
Premier Subaru,155 N Main St,Branford,CT,-72.813257,41.287914
Central Connecticut State University - Student Center Parking Garage,165 Ella Grasso Blvd,New Britain,CT,-72.76632788,41.69388755
University of Connecticut - South Parking Garage,505 Jim Calhoun Way,Storrs,CT,-72.253601,41.805152
Carter Chevrolet,175 Hartford Turnpike,Vernon,CT,-72.50090654,41.82187666
Dunkin' Donuts,189 Forbes Ave,New Haven,CT,-72.9,41.294167
Bloomfield Human Services Center,330 Park Avenue,Bloomfield,CT,-72.712466,41.8234945
Grand Central Fashion Plaza Shopping Center - Tesla Supercharger,1145 High Ridge Rd,North Stamford,CT,-73.546513,41.107722
University of Connecticut - North Parking Garage,103 N Eagleville Rd,Storrs,CT,-72.258277,41.809176
Fairfield SB - Tesla Supercharger,267 Round Hill Road,Fairfield,CT,-73.255573,41.14807
Fairfield Woods Library,1147 Fairfield Woods Rd,Fairfield,CT,-73.250024,41.187855
Yankee Doodle,10 Burnell Boulevard,Norwalk,CT,-73.414932,41.11803
Lee Partyka Chevrolet Mazda Isuzu,200 Skiff St,Hamden,CT,-72.9100121,41.3729709
777 MAIN ST,71 Asylum St,Hartford,CT,-72.674468,41.766676
Norwich Public Utilities,173 N Main St,Norwich,CT,-72.063516,41.527579
Fairfield Plaza,116 Danbury Rd,New Milford,CT,-73.41763,41.55735
Eastern Connecticut State University - Shakespeare Parking Garage,24 Charger Oak Dr,Willimantic,CT,-72.208134,41.7385909